id,gender,name,age,job,country
1,Male,James,27,Physical Therapist Assistant,USA
2,Male,Elijah,21,Physical Therapist Assistant,KR
3,Female,Mila,21,Database Administrator,JP
4, ,Carter,27,Veterinary Technologist & Technician,JP
5,Male,Liam,27,Physician,USA
6,Female,Emily,35,Physical Therapist Assistant,KR
7,Female,Ava,28,Occupational Therapist,USA
8,Male,Mateo,33,Interpreter & Translator,JP
9,Male,Oliver,29,Interpreter & Translator,FR
10,Female,Olivia,19,Interpreter & Translator,KR
11,Female,Emily,23,Mechanical Engineer,JP
12,Female,Ella,23,IT Manager,JP
13,Male,Mateo,27,School Psychologist,JP
14,Male,Oliver,21,Web Developer,FR
15,Female,Mia,19,Computer Programmer,FR
16, ,Julian,40,Mechanical Engineer,KR
17,Female,Evelyn,16,Database Administrator,USA
18, ,Zoey,37,IT Manager,USA
19,Female,Luna,23,Veterinarian,FR
20,Male,Henry,17,School Psychologist,KR
21,Male,William,28,Computer Programmer,USA
22,Male,Benjamin,38,Mechanical Engineer,FR
23,Male,Henry,23,Dentist,FR
24,Male,Elijah,35,Interpreter & Translator,KR
25,-,Riley,33,Physical Therapist,KR
26,Female,Sofia,19,Physical Therapist Assistant,FR
27,Male,Liam,37,Computer Programmer,KR
28,Female,Sophia,36,Occupational Therapist,FR
29,Male,Mateo,20,Physical Therapist Assistant,KR
30,Male,Liam,21,Physical Therapist,USA
31,Female,Mia,23,Veterinarian,JP
32,Female,Emma,37,Database Administrator,FR
33,Female,Isabella,17,Computer Programmer,KR
34,Female,Elizabeth,32,Veterinarian,KR
35,Female,Harper,29,Interpreter & Translator,KR
36,Male,Alexander,25,Web Developer,USA
37,Female,Avery,35,Registered Nurse,JP
38,Male,Oliver,15,Occupational Therapist,USA
39,Male,James,40,Software Developer,JP
40,Male,Liam,26,Physician,JP
41,Male,Sebastian,23,Database Administrator,FR
42, ,Grayson,26,Dental Hygienist,FR
43,Female,Evelyn,39,Interpreter & Translator,USA
44,Male,Noah,38,IT Manager,JP
45,Female,Abigail,38,Registered Nurse,JP
46,Male,Jackson,31,Interpreter & Translator,USA
47,Male,Benjamin,33,Pharmacist,KR
48,Female,Sophia,16,Physical Therapist,KR
49,Male,Ethan,19,IT Manager,JP
50,Female,Amelia,33,Interpreter & Translator,FR
51,Male,Michael,39,Computer Systems Analyst,FR
52,Male,Levi,38,Software Developer,JP
53,Male,Henry,31,Computer Programmer,FR
54,Female,Mia,34,Epidemiologist,USA
55,Female,Ella,36,Database Administrator,KR
56,Male,Mateo,33,Software Developer,KR
57,Male,Mateo,35,Veterinary Technologist & Technician,JP
58,Male,Ethan,40,Physical Therapist,FR
59,Male,Jacob,39,Physician,USA
60,Female,Olivia,26,Registered Nurse,JP
61,Male,Mason,22,Interpreter & Translator,JP
62,Female,Amelia,29,Veterinary Technologist & Technician,FR
63,Male,Ethan,25,Epidemiologist,USA
64,Female,Mila,28,Physical Therapist Assistant,FR
65,Male,Oliver,25,Physical Therapist,FR
66,Male,Oliver,31,School Psychologist,FR
67, ,Aurora,17,Physical Therapist Assistant,FR
68,Female,Camila,37,Software Developer,FR
69, ,Grayson,25,Physical Therapist,KR
70,Female,Elizabeth,29,Computer Systems Analyst,JP
71,Male,Michael,39,Epidemiologist,JP
72,Male,Ethan,21,IT Manager,KR
73,Female,Gianna,29,Registered Nurse,JP
74,Female,Elizabeth,21,Software Developer,KR
75,-,Lily,39,Occupational Therapist,FR
76,Female,Mila,39,IT Manager,JP
77,Male,William,17,Computer Systems Analyst,FR
78,Female,Abigail,31,Interpreter & Translator,USA
79,Female,Camila,24,School Psychologist,FR
80,Male,Noah,38,School Psychologist,FR
81,Female,Harper,18,Physical Therapist Assistant,JP
82,Male,James,32,Interpreter & Translator,KR
83,Male,James,35,Software Developer,USA
84,Female,Ella,30,Occupational Therapist,KR
85,Male,Sebastian,23,Web Developer,JP
86,Female,Charlotte,24,Dentist,USA
87,Male,Sebastian,19,Veterinarian,USA
88,Male,Elijah,20,Mechanical Engineer,JP
89,Female,Sofia,17,Dentist,KR
90,Male,Mason,31,Software Developer,USA
91,Female,Amelia,30,Occupational Therapist,FR
92,Female,Isabella,22,Registered Nurse,JP
93,Female,Evelyn,38,Interpreter & Translator,FR
94,Male,William,34,Physical Therapist,FR
95,-,Riley,39,Dental Hygienist,JP
96,Male,Oliver,21,Physician,FR
97,Female,Amelia,38,Web Developer,USA
98,Female,Mia,17,School Psychologist,KR
99,Female,Avery,35,Physician,JP
100,Male,Noah,21,Interpreter & Translator,USA